{"cameraMode":{"drawMode":0,"name":"Shaded","section":"Shading Mode"},"sceneLighting":false,"audioPlay":false,"sceneViewState":{"m_AlwaysRefresh":false,"showFog":true,"showSkybox":true,"showFlares":true,"showImageEffects":true,"showParticleSystems":true,"showVisualEffectGraphs":true,"m_FxEnabled":true},"in2DMode":false,"pivot":{"x":1.5279954671859742,"y":9.200172424316407,"z":-6.708166122436523},"rotation":{"x":0.09764870256185532,"y":0.007774020545184612,"z":-0.0007619672687724233,"w":0.9951682090759277},"size":12.12435531616211,"orthographic":false}